epoch,time,train/box_loss,train/pose_loss,train/kobj_loss,train/cls_loss,train/dfl_loss,metrics/precision(B),metrics/recall(B),metrics/mAP50(B),metrics/mAP50-95(B),metrics/precision(P),metrics/recall(P),metrics/mAP50(P),metrics/mAP50-95(P),val/box_loss,val/pose_loss,val/kobj_loss,val/cls_loss,val/dfl_loss,lr/pg0,lr/pg1,lr/pg2
1,40.9038,2.44197,8.76659,0.80974,2.73183,3.01244,0.21836,0.28986,0.19307,0.07278,0,0,0,0,2.25546,9.87464,0.8714,9.32318,3.25637,0.087091,9.1e-05,9.1e-05
2,53.4277,1.89932,8.1472,0.56613,1.95662,2.43003,0.14072,0.24638,0.09855,0.0236,0,0,0,0,3.27163,10.3304,1.17091,6.57167,5.42631,0.073189,0.000188995,0.000188995
3,67.3265,1.97393,7.95523,0.47775,1.76364,2.49029,0.36655,0.50725,0.30398,0.0953,0,0,0,0,2.5864,8.96671,0.70837,4.1409,3.94841,0.059287,0.00028697,0.00028697
4,81.11,1.85184,7.53467,0.50061,1.70939,2.38249,0.27911,0.4058,0.17801,0.04881,0.00021,0.02899,0.00011,2e-05,2.52243,9.40236,0.66709,7.53886,3.55348,0.0453849,0.00038491,0.00038491
5,94.5891,1.8326,7.52989,0.49057,1.61013,2.33288,0.44972,0.4058,0.30879,0.07629,0,0,0,0,2.59844,8.77389,0.38191,2.77807,3.94666,0.0314828,0.000482799,0.000482799
6,107.529,1.85491,7.32105,0.48757,1.63692,2.39448,0.38348,0.55072,0.3766,0.11922,0,0,0,0,2.32952,8.39164,0.41084,2.10247,3.13314,0.0175806,0.000580622,0.000580622
7,121.134,1.81844,7.14304,0.45318,1.63447,2.33268,0.65704,0.69414,0.70773,0.27377,0.07623,0.01449,0.00252,0.00025,1.92439,8.19446,0.31612,2.13843,2.78076,0.00367836,0.000678364,0.000678364
8,134.669,1.87325,7.26304,0.4773,1.68902,2.3951,0.56241,0.55886,0.48487,0.18817,0,0,0,0,2.19875,8.4463,0.3466,2.31826,3.03878,0.000699107,0.000699107,0.000699107
9,147.775,1.80924,7.23988,0.46916,1.64688,2.3372,0.61385,0.50725,0.55646,0.19944,0.0255,0.04348,0.00219,0.00031,2.13667,8.11512,0.39029,2.03504,2.87438,0.000698834,0.000698834,0.000698834
10,161.125,1.83971,6.98976,0.4725,1.59901,2.35427,0.56708,0.69565,0.60503,0.24551,0.00573,0.01449,0.00034,3e-05,1.98836,8.07753,0.29845,2.02361,2.64824,0.000698524,0.000698524,0.000698524
11,174.373,1.78398,7.22362,0.44603,1.63344,2.28555,0.71092,0.75362,0.81034,0.32751,0.01023,0.01449,0.00026,5e-05,1.95607,7.81609,0.28048,2.08307,2.7011,0.000698179,0.000698179,0.000698179
12,187.601,1.77626,7.08809,0.46137,1.58017,2.2862,0.78246,0.62556,0.72446,0.28381,0.06589,0.04348,0.00515,0.00072,2.03876,7.49874,0.33753,1.86594,2.80371,0.000697796,0.000697796,0.000697796
13,200.774,1.80549,7.00517,0.43818,1.58264,2.27946,0.59809,0.6087,0.61824,0.26571,0.05762,0.04348,0.00339,0.00077,1.99051,7.6476,0.36194,1.56724,2.61545,0.000697378,0.000697378,0.000697378
14,214.367,1.73526,7.00996,0.43826,1.52361,2.24148,0.68432,0.71014,0.69037,0.32996,0.18215,0.07246,0.02021,0.00202,1.86503,7.40923,0.28779,1.34751,2.63981,0.000696924,0.000696924,0.000696924
15,226.957,1.75706,6.82522,0.44174,1.49159,2.26979,0.6588,0.6996,0.68619,0.2697,0.0584,0.07246,0.0104,0.0013,2.13526,7.3545,0.31165,1.48098,3.03737,0.000696433,0.000696433,0.000696433
16,241.329,1.72984,6.91214,0.44197,1.54409,2.27658,0.73868,0.8194,0.74801,0.27784,0.02438,0.02899,0.00078,0.00027,1.93896,7.41051,0.28393,1.81934,2.75401,0.000695906,0.000695906,0.000695906
17,254.201,1.68135,6.87656,0.42818,1.47055,2.23015,0.79247,0.83016,0.80637,0.36844,0.05898,0.04348,0.0176,0.0018,1.76705,7.52912,0.29789,1.50787,2.50664,0.000695344,0.000695344,0.000695344
18,267.631,1.732,6.60191,0.45622,1.60703,2.25908,0.85764,0.73913,0.82092,0.40152,0.13423,0.08696,0.0307,0.00439,1.74762,7.47085,0.32413,1.1565,2.45735,0.000694745,0.000694745,0.000694745
19,281.144,1.68118,6.80225,0.46481,1.45005,2.21707,0.86926,0.67455,0.81837,0.38312,0.17447,0.11594,0.03015,0.00523,1.76594,7.25444,0.31189,1.2746,2.45886,0.000694111,0.000694111,0.000694111
20,295.774,1.70788,6.68517,0.426,1.50103,2.20509,0.73841,0.72464,0.7258,0.32105,0.0493,0.05797,0.00779,0.00093,1.83087,7.62801,0.27671,1.59734,2.54473,0.00069344,0.00069344,0.00069344
21,308.958,1.66544,6.68014,0.41564,1.49079,2.18959,0.82748,0.69514,0.79544,0.34579,0.12477,0.07246,0.01685,0.00364,1.77988,7.249,0.27513,1.38839,2.47082,0.000692734,0.000692734,0.000692734
22,321.914,1.63382,6.35905,0.41259,1.4493,2.16085,0.71952,0.78076,0.81127,0.36972,0.06886,0.05797,0.0108,0.00146,1.88321,7.26584,0.28791,1.32765,2.54814,0.000691992,0.000691992,0.000691992
23,334.594,1.58555,6.55893,0.41538,1.42257,2.15446,0.84815,0.81159,0.88504,0.3924,0.14222,0.08696,0.01942,0.0025,1.87159,7.13387,0.25871,1.41104,2.52774,0.000691215,0.000691215,0.000691215
24,347.778,1.68967,6.4928,0.41414,1.46531,2.18961,0.85435,0.71014,0.84421,0.36516,0.12822,0.10145,0.03352,0.00406,1.93707,6.93931,0.23557,1.37164,2.65008,0.000690402,0.000690402,0.000690402
25,361.448,1.6352,6.50655,0.40606,1.43342,2.1634,0.83448,0.81159,0.84606,0.38466,0.09593,0.15942,0.02722,0.00391,1.8197,6.62743,0.23601,1.17475,2.53707,0.000689554,0.000689554,0.000689554
26,375.31,1.63007,6.40801,0.42236,1.41747,2.14031,0.89056,0.84058,0.88446,0.43026,0.15263,0.14493,0.03076,0.00447,1.71621,6.45653,0.25441,1.01548,2.50645,0.00068867,0.00068867,0.00068867
27,388.326,1.62955,6.43243,0.41775,1.38966,2.15268,0.93063,0.85507,0.90701,0.41578,0.23534,0.18841,0.06358,0.01034,1.81001,6.65668,0.25052,1.06831,2.50796,0.000687752,0.000687752,0.000687752
28,402.393,1.65834,6.49271,0.4203,1.40722,2.18128,0.91988,0.82609,0.88438,0.35548,0.19104,0.11594,0.03575,0.00665,1.97175,7.05977,0.26816,1.21616,2.61256,0.000686798,0.000686798,0.000686798
29,415.365,1.65441,6.55931,0.44217,1.45442,2.17269,0.90744,0.76812,0.85091,0.30382,0.20178,0.10145,0.03699,0.00571,2.07844,6.94859,0.26531,1.25389,2.79482,0.000685809,0.000685809,0.000685809
30,429.237,1.70438,6.42227,0.40797,1.49305,2.24368,0.84434,0.81159,0.86235,0.43741,0.26947,0.08696,0.05103,0.01147,1.74552,6.67727,0.27672,1.15241,2.46362,0.000684785,0.000684785,0.000684785
31,442.36,1.59854,6.4826,0.41475,1.38476,2.14665,0.84614,0.85507,0.8901,0.43587,0.19778,0.14493,0.05771,0.00772,1.60091,6.46399,0.32643,1.03922,2.26703,0.000683726,0.000683726,0.000683726
32,455.419,1.62513,6.26869,0.42251,1.43879,2.18991,0.90704,0.84848,0.92099,0.34892,0.24823,0.22973,0.09155,0.0136,1.9918,6.48236,0.26182,1.2588,2.64207,0.000682633,0.000682633,0.000682633
33,468.304,1.61481,6.40614,0.40112,1.36145,2.14072,0.85398,0.93238,0.94409,0.43317,0.26651,0.21739,0.10049,0.01349,1.79492,6.24713,0.24438,1.06388,2.42141,0.000681505,0.000681505,0.000681505
34,481.589,1.59325,6.39249,0.39623,1.36118,2.1034,0.9407,0.92754,0.9572,0.37966,0.19034,0.18841,0.04219,0.00691,1.97518,6.52895,0.27074,1.04364,2.64859,0.000680343,0.000680343,0.000680343
35,495.017,1.56214,6.21953,0.40227,1.37213,2.05985,0.88232,0.86957,0.9246,0.42279,0.20851,0.18841,0.05455,0.00831,1.77739,6.38821,0.24367,1.10929,2.43221,0.000679146,0.000679146,0.000679146
36,509.765,1.61663,6.54454,0.41015,1.40656,2.1429,0.93088,0.76812,0.90718,0.39178,0.28885,0.18841,0.09776,0.01327,1.88948,6.36904,0.23375,1.1365,2.5981,0.000677915,0.000677915,0.000677915
37,523.833,1.55453,6.3468,0.42994,1.2934,2.08601,0.8888,0.7971,0.87442,0.4451,0.19792,0.15942,0.04547,0.00774,1.66986,6.3238,0.23768,1.07187,2.36339,0.000676651,0.000676651,0.000676651
38,537.929,1.55555,6.18248,0.38956,1.33862,2.07731,0.91363,0.76656,0.87481,0.39011,0.28152,0.23188,0.12204,0.01964,1.90514,6.53364,0.25975,1.10975,2.56768,0.000675352,0.000675352,0.000675352
39,551.74,1.60779,6.14945,0.40916,1.38577,2.12555,0.90918,0.81159,0.89736,0.4332,0.28297,0.23188,0.11872,0.02221,1.66646,6.33467,0.24278,1.04319,2.3241,0.000674019,0.000674019,0.000674019
40,566.105,1.57971,6.39191,0.40607,1.40732,2.12683,0.90947,0.87365,0.94716,0.46246,0.32833,0.24638,0.15661,0.02156,1.64828,6.25096,0.25965,0.92727,2.2633,0.000672653,0.000672653,0.000672653
41,580.113,1.5721,6.20422,0.39872,1.34138,2.09989,0.90655,0.88406,0.9374,0.43756,0.2997,0.28986,0.16145,0.02279,1.69198,6.211,0.27828,1.08305,2.32454,0.000671254,0.000671254,0.000671254
42,593.467,1.56727,6.1397,0.40741,1.31806,2.09086,0.95233,0.84058,0.93735,0.42209,0.24897,0.2029,0.07712,0.0148,1.6752,6.23915,0.24857,0.94922,2.33011,0.000669821,0.000669821,0.000669821
43,606.458,1.56358,6.05245,0.40398,1.3631,2.08338,0.92941,0.82609,0.8962,0.40035,0.33211,0.27536,0.12139,0.02141,1.81177,6.10532,0.23387,0.97268,2.4621,0.000668355,0.000668355,0.000668355
44,620.702,1.54198,6.20735,0.39908,1.37747,2.09168,0.89103,0.86957,0.92078,0.47688,0.34982,0.30435,0.15483,0.02816,1.50539,5.84308,0.23488,0.92771,2.17492,0.000666856,0.000666856,0.000666856
45,633.953,1.52312,6.08368,0.38101,1.28592,2.07345,0.81911,0.91881,0.93069,0.43006,0.35653,0.28986,0.13939,0.0251,1.80769,6.02286,0.22892,0.88091,2.46724,0.000665324,0.000665324,0.000665324
46,647.089,1.5787,5.97658,0.37601,1.34169,2.07691,0.87038,0.87587,0.91119,0.47508,0.3335,0.31884,0.14081,0.01905,1.55414,6.16133,0.24477,0.91096,2.22328,0.00066376,0.00066376,0.00066376
47,659.863,1.58505,6.10182,0.37992,1.32692,2.10052,0.81187,0.84058,0.8888,0.45741,0.29518,0.24638,0.13554,0.01986,1.64101,6.05256,0.24087,0.99946,2.27186,0.000662163,0.000662163,0.000662163
48,673.158,1.50921,5.97492,0.38818,1.28912,2.04426,0.88022,0.85206,0.92404,0.41035,0.27834,0.26087,0.10795,0.0195,1.9758,6.07801,0.31248,0.95343,2.68165,0.000660533,0.000660533,0.000660533
49,686.003,1.50496,5.90386,0.39128,1.27617,2.05428,0.90815,0.89855,0.92912,0.42361,0.24894,0.24638,0.08939,0.01752,1.83278,6.15562,0.2489,0.89933,2.51247,0.000658872,0.000658872,0.000658872
50,699.074,1.50543,6.08084,0.38731,1.32967,2.05783,0.96248,0.89855,0.96528,0.44182,0.25289,0.26087,0.09149,0.01438,1.80959,6.14849,0.23273,0.94438,2.51089,0.000657179,0.000657179,0.000657179
51,712.375,1.50767,6.01481,0.37806,1.2643,2.01789,0.89562,0.87047,0.95031,0.49447,0.25082,0.27536,0.1122,0.02155,1.64261,6.08703,0.22003,0.92903,2.3262,0.000655453,0.000655453,0.000655453
52,726.113,1.56196,6.08417,0.38937,1.29741,2.11271,0.90592,0.7971,0.89527,0.37196,0.27109,0.24638,0.08749,0.02189,1.92231,5.90287,0.24043,1.11164,2.66,0.000653697,0.000653697,0.000653697
53,739.326,1.56261,6.20442,0.38966,1.31854,2.1003,0.86538,0.84058,0.90757,0.46412,0.19018,0.28931,0.08684,0.01818,1.63491,6.00344,0.23924,1.06269,2.26571,0.000651909,0.000651909,0.000651909
54,753.041,1.50685,5.921,0.3829,1.26807,2.04511,0.89996,0.91267,0.93988,0.43944,0.2871,0.28986,0.11536,0.01726,1.79883,5.90989,0.22476,1.01019,2.4412,0.000650089,0.000650089,0.000650089
55,765.742,1.56154,5.92267,0.38991,1.33683,2.10701,0.95138,0.89855,0.95214,0.47216,0.31188,0.28986,0.10854,0.01897,1.78414,6.02807,0.22049,0.93397,2.38306,0.000648239,0.000648239,0.000648239
56,779.152,1.50495,5.8681,0.39344,1.27105,2.03084,0.96357,0.91304,0.94997,0.51508,0.29666,0.26087,0.16143,0.02299,1.53746,5.96924,0.2226,0.83754,2.18201,0.000646358,0.000646358,0.000646358
57,792.407,1.44547,5.76871,0.38403,1.22554,2.00198,0.90705,0.84859,0.938,0.49274,0.29162,0.27536,0.15587,0.02586,1.56948,6.10104,0.21507,0.89357,2.25323,0.000644446,0.000644446,0.000644446
58,805.739,1.55366,6.13971,0.38543,1.37583,2.06641,0.86466,0.94203,0.92748,0.43963,0.36578,0.27536,0.16567,0.02633,1.65242,6.1746,0.24212,1.00124,2.37859,0.000642504,0.000642504,0.000642504
59,818.767,1.48374,6.03331,0.38596,1.30844,2.00707,0.91358,0.91934,0.94696,0.44141,0.29372,0.26087,0.11551,0.02148,1.72994,6.00564,0.26421,0.94918,2.41497,0.000640532,0.000640532,0.000640532
60,832.176,1.47657,5.88502,0.37928,1.20348,2.01189,0.95626,0.91304,0.9402,0.45435,0.36809,0.36232,0.21395,0.04106,1.78792,5.79038,0.24164,0.89861,2.4557,0.00063853,0.00063853,0.00063853
61,845.036,1.53781,5.81404,0.37647,1.25678,2.02683,0.92288,0.86957,0.94278,0.50445,0.31993,0.33333,0.16071,0.03029,1.64628,5.77334,0.2246,0.83487,2.27798,0.000636498,0.000636498,0.000636498
62,858.236,1.46754,5.74517,0.37662,1.169,1.99385,0.91834,0.86957,0.9466,0.48406,0.32275,0.27536,0.13225,0.02192,1.72303,5.84616,0.23614,0.86259,2.34501,0.000634437,0.000634437,0.000634437
63,871.18,1.51938,5.92939,0.38097,1.27497,2.04943,0.89785,0.89855,0.93792,0.51147,0.40903,0.33333,0.18622,0.03058,1.57368,5.84242,0.23574,0.84778,2.20103,0.000632346,0.000632346,0.000632346
64,885.866,1.49783,5.65023,0.37216,1.20391,2.0259,0.97974,0.88406,0.93553,0.46009,0.29007,0.26087,0.15389,0.03331,1.70568,5.80127,0.22115,0.96038,2.39472,0.000630227,0.000630227,0.000630227
65,899.965,1.47806,5.72294,0.37198,1.25643,2.00778,0.95261,0.88406,0.9502,0.44349,0.29777,0.27536,0.11944,0.02744,1.73128,5.80088,0.20851,0.91,2.39921,0.000628078,0.000628078,0.000628078
66,914.284,1.51205,5.75553,0.3622,1.21963,1.99516,0.89926,0.90567,0.94996,0.45072,0.37277,0.37681,0.16566,0.02994,1.62225,5.77563,0.21661,0.86701,2.265,0.000625901,0.000625901,0.000625901
67,927.797,1.51403,5.69225,0.36856,1.23533,2.08346,0.90076,0.92091,0.938,0.39434,0.27223,0.27536,0.11388,0.01716,1.87496,5.85339,0.21316,0.99405,2.55268,0.000623696,0.000623696,0.000623696
68,941.545,1.49624,5.55366,0.37671,1.24536,2.04539,0.92359,0.89855,0.92858,0.47496,0.23696,0.25658,0.103,0.02125,1.5364,5.8054,0.20204,0.99045,2.2175,0.000621462,0.000621462,0.000621462
69,954.981,1.50677,5.64645,0.38215,1.25572,2.05597,0.85159,0.88406,0.9069,0.41151,0.2231,0.21739,0.09149,0.01829,1.7046,5.89776,0.22562,1.05836,2.44185,0.000619201,0.000619201,0.000619201
70,968.036,1.48136,5.64435,0.35686,1.27109,1.99393,0.98331,0.85395,0.94161,0.37868,0.35326,0.30435,0.13644,0.02381,1.90412,5.7572,0.23396,0.99898,2.71428,0.000616912,0.000616912,0.000616912
71,981.566,1.46329,5.62024,0.36481,1.23845,2.01947,0.94433,0.92754,0.96122,0.46314,0.40018,0.34783,0.19046,0.03379,1.64503,5.54338,0.20372,0.88819,2.36583,0.000614596,0.000614596,0.000614596
72,995.909,1.46984,5.53239,0.34932,1.22219,2.00656,0.95383,0.94203,0.95635,0.46643,0.43217,0.27536,0.20193,0.04399,1.58742,5.62832,0.237,0.89363,2.30822,0.000612252,0.000612252,0.000612252
73,1009.08,1.48138,5.72636,0.3674,1.20948,2.01609,0.97006,0.93917,0.95526,0.50866,0.44537,0.33333,0.23755,0.04761,1.53047,5.52068,0.25522,0.88574,2.23927,0.000609882,0.000609882,0.000609882
74,1022.47,1.4724,5.83175,0.37598,1.24537,1.99225,0.93812,0.88406,0.93688,0.4331,0.30069,0.27536,0.10317,0.02319,1.77133,5.77998,0.22639,1.01082,2.47151,0.000607485,0.000607485,0.000607485
75,1035.69,1.4729,6.02198,0.36665,1.20341,2.00074,0.96991,0.94203,0.94169,0.41824,0.36677,0.36232,0.21747,0.03872,1.82815,5.56775,0.2088,0.96644,2.52454,0.000605062,0.000605062,0.000605062
76,1050.15,1.40087,5.50759,0.3818,1.13967,1.95038,0.99396,0.94203,0.94817,0.46171,0.32179,0.30435,0.16259,0.03431,1.74447,5.65432,0.22156,0.89416,2.47281,0.000602613,0.000602613,0.000602613
77,1063.48,1.35246,5.63802,0.35605,1.13008,1.91211,0.99679,0.92754,0.9493,0.44689,0.40775,0.33931,0.22181,0.03472,1.76103,5.75546,0.32737,0.87628,2.49394,0.000600138,0.000600138,0.000600138
78,1076.44,1.43735,5.72944,0.37695,1.19257,1.97039,0.94648,0.88406,0.95332,0.48516,0.37452,0.34783,0.18664,0.03284,1.76861,5.78744,0.27049,0.85849,2.43928,0.000597638,0.000597638,0.000597638
79,1089.56,1.38015,5.59142,0.3691,1.08383,1.92769,0.9292,0.88406,0.94016,0.47103,0.36862,0.34783,0.18068,0.04111,1.72293,5.67225,0.23196,0.89312,2.36005,0.000595112,0.000595112,0.000595112
80,1103.13,1.41,5.63633,0.37474,1.13135,1.93104,0.87819,0.82609,0.90522,0.43788,0.33499,0.34783,0.15155,0.0339,1.7907,5.74804,0.2491,0.93965,2.48244,0.000592561,0.000592561,0.000592561
81,1116.81,1.46134,5.87274,0.38692,1.22814,1.96538,0.90682,0.84626,0.91327,0.47825,0.35272,0.33333,0.17859,0.04535,1.66045,5.7153,0.21765,0.87843,2.37221,0.000589986,0.000589986,0.000589986
82,1130.58,1.44285,5.61133,0.36838,1.18192,1.96187,0.93526,0.89855,0.93336,0.4787,0.36425,0.33333,0.19248,0.05056,1.70598,5.36181,0.19251,0.80305,2.3283,0.000587386,0.000587386,0.000587386
83,1143.37,1.39896,5.4692,0.35028,1.14426,1.9431,0.94358,0.89855,0.94506,0.46978,0.42705,0.4058,0.29137,0.05602,1.68101,5.3347,0.19959,0.8162,2.27289,0.000584762,0.000584762,0.000584762
84,1157.06,1.43254,5.55322,0.3667,1.11474,1.97768,0.98187,0.91304,0.9533,0.49004,0.38049,0.36232,0.23644,0.04211,1.55179,5.42069,0.22888,0.8437,2.18494,0.000582115,0.000582115,0.000582115
85,1170.14,1.44342,5.50006,0.36919,1.17407,1.9819,0.95394,0.90044,0.95532,0.469,0.4376,0.33333,0.20485,0.04468,1.69051,5.41504,0.22257,0.83993,2.29659,0.000579443,0.000579443,0.000579443
86,1183.53,1.40759,5.44268,0.35859,1.17867,1.93888,0.91358,0.94203,0.93479,0.4586,0.41335,0.37784,0.22604,0.04544,1.65844,5.35418,0.19156,0.83044,2.23403,0.000576749,0.000576749,0.000576749
87,1197.21,1.43765,5.31921,0.33943,1.17397,1.96873,0.92314,0.91304,0.91848,0.52646,0.46002,0.42029,0.29748,0.04961,1.55417,5.28484,0.19394,0.79399,2.14954,0.000574032,0.000574032,0.000574032
88,1210.19,1.3951,5.37945,0.36722,1.10922,1.91261,0.95952,0.84058,0.91685,0.48915,0.30122,0.31861,0.1866,0.02716,1.68097,5.41774,0.21391,0.83006,2.31829,0.000571292,0.000571292,0.000571292
89,1224.42,1.42518,5.38951,0.36523,1.16506,1.92126,0.95239,0.84058,0.93385,0.52509,0.33554,0.34783,0.18834,0.03078,1.56995,5.37052,0.21616,0.76722,2.23481,0.000568529,0.000568529,0.000568529
90,1237.92,1.40697,5.46291,0.35512,1.14971,1.93126,0.94953,0.88406,0.92811,0.53005,0.37884,0.3913,0.20758,0.04271,1.55293,5.42376,0.21341,0.73367,2.24073,0.000565745,0.000565745,0.000565745
91,1251.69,1.42968,5.36551,0.37047,1.16776,1.99188,0.96818,0.91304,0.93133,0.47426,0.42052,0.37681,0.21218,0.04213,1.642,5.36349,0.2235,0.80134,2.34026,0.000562939,0.000562939,0.000562939
92,1265.59,1.41369,5.68083,0.3641,1.09805,1.95622,0.96988,0.93344,0.95985,0.53711,0.3803,0.36232,0.23118,0.05103,1.37623,5.47001,0.21896,0.75303,2.04324,0.000560111,0.000560111,0.000560111
93,1278.36,1.41368,5.44721,0.37806,1.14692,2.00992,0.98411,0.89736,0.94532,0.48813,0.45741,0.42029,0.30535,0.06273,1.51959,5.25734,0.21399,0.83554,2.2095,0.000557262,0.000557262,0.000557262
94,1292.46,1.43269,5.53767,0.35275,1.09508,1.95675,0.99779,0.91304,0.94546,0.45447,0.45472,0.42029,0.27401,0.06392,1.63496,5.20739,0.2201,0.85502,2.3108,0.000554393,0.000554393,0.000554393
95,1305.61,1.42023,5.32212,0.35528,1.10281,1.94614,0.95223,0.89855,0.94559,0.52432,0.44239,0.42548,0.27685,0.05297,1.44588,5.24889,0.22346,0.78842,2.10943,0.000551503,0.000551503,0.000551503
96,1318.81,1.44663,5.40373,0.34278,1.18406,1.99799,0.9262,0.94203,0.94342,0.47592,0.45607,0.40106,0.25516,0.04449,1.57196,5.36717,0.27005,0.85365,2.27178,0.000548592,0.000548592,0.000548592
97,1332.59,1.44463,5.36093,0.33734,1.10107,1.93826,0.9827,0.86957,0.93129,0.47315,0.50918,0.44928,0.27362,0.0517,1.56559,5.26007,0.22463,0.88928,2.26657,0.000545662,0.000545662,0.000545662
98,1346.61,1.41587,5.3077,0.34065,1.11963,1.9402,0.96861,0.89433,0.94221,0.49451,0.51142,0.43478,0.27211,0.04826,1.5798,5.2229,0.21615,0.88446,2.28753,0.000542713,0.000542713,0.000542713
99,1360.12,1.37487,5.2755,0.34579,1.10857,1.88199,0.97688,0.89855,0.92357,0.41574,0.41315,0.4058,0.20472,0.0444,1.79814,5.26749,0.22268,0.92543,2.59674,0.000539744,0.000539744,0.000539744
100,1373.83,1.39938,5.20207,0.34296,1.10211,1.90197,0.94125,0.92882,0.9497,0.47869,0.42419,0.43478,0.23036,0.03966,1.63231,5.19374,0.21326,0.85257,2.33205,0.000536756,0.000536756,0.000536756
101,1387.26,1.37223,5.34021,0.34482,1.15715,1.92135,0.94113,0.95652,0.95564,0.51775,0.44189,0.37681,0.27609,0.03984,1.48663,5.28253,0.20489,0.85509,2.14952,0.00053375,0.00053375,0.00053375
102,1401.16,1.35334,5.27857,0.34919,1.07033,1.90044,0.98075,0.92754,0.95631,0.49823,0.46871,0.44928,0.31649,0.05886,1.60773,5.13873,0.1855,0.81017,2.28911,0.000530725,0.000530725,0.000530725
103,1414.43,1.36506,5.38678,0.33424,1.09409,1.89975,0.95327,0.91304,0.95818,0.49191,0.46665,0.44928,0.29436,0.0739,1.58533,5.08821,0.22294,0.77018,2.26238,0.000527683,0.000527683,0.000527683
104,1427.91,1.38512,5.15603,0.34098,1.09988,1.89701,0.98405,0.89398,0.9485,0.5018,0.49324,0.47826,0.35684,0.08084,1.52452,5.07438,0.27353,0.78302,2.18861,0.000524623,0.000524623,0.000524623
105,1441.33,1.40445,5.30097,0.36466,1.12659,1.98018,0.94004,0.90886,0.94249,0.50155,0.50407,0.4058,0.2883,0.0583,1.508,5.25288,0.24384,0.76287,2.16887,0.000521546,0.000521546,0.000521546
106,1455.04,1.37394,5.0838,0.34131,1.02836,1.91742,0.98455,0.92363,0.9565,0.53424,0.53749,0.50529,0.37824,0.07944,1.43292,5.12092,0.2002,0.71525,2.12578,0.000518452,0.000518452,0.000518452
107,1468.27,1.34044,5.23367,0.36043,1.06944,1.89176,0.99839,0.92754,0.9474,0.51766,0.50672,0.43478,0.33375,0.06604,1.50455,5.15014,0.19627,0.75049,2.1807,0.000515341,0.000515341,0.000515341
108,1481.29,1.36227,5.27313,0.34425,1.08071,1.86067,0.99676,0.92754,0.94386,0.50138,0.49292,0.40859,0.31051,0.06157,1.56273,5.25794,0.2435,0.72277,2.25191,0.000512214,0.000512214,0.000512214
109,1494.34,1.37123,5.11912,0.34201,1.04572,1.89153,0.99607,0.91304,0.95729,0.53606,0.5917,0.49275,0.41968,0.07504,1.49454,5.14005,0.23775,0.65849,2.17038,0.000509072,0.000509072,0.000509072
110,1507.6,1.41971,5.32492,0.34491,1.10118,1.954,0.99591,0.92754,0.95493,0.47958,0.49838,0.46377,0.29214,0.0603,1.6975,5.04648,0.21833,0.68466,2.38126,0.000505913,0.000505913,0.000505913
111,1520.58,1.34281,5.31376,0.35938,1.04739,1.86623,0.98283,0.94203,0.95382,0.54065,0.48774,0.46377,0.29467,0.0579,1.50459,5.11397,0.19903,0.64919,2.15381,0.00050274,0.00050274,0.00050274
112,1536.27,1.36156,5.25569,0.35552,1.09999,1.93103,0.91098,0.92754,0.95277,0.54183,0.42756,0.43478,0.27267,0.04836,1.44872,5.17636,0.19424,0.70943,2.08126,0.000499552,0.000499552,0.000499552
113,1549.1,1.34624,5.2932,0.35399,1.04651,1.905,0.95378,0.92754,0.96371,0.51167,0.41361,0.42029,0.25096,0.04774,1.61311,5.14463,0.22986,0.77944,2.24401,0.000496349,0.000496349,0.000496349
114,1562.21,1.34053,5.15978,0.32936,1.04208,1.86026,0.93912,0.92754,0.94157,0.5285,0.4851,0.44928,0.31344,0.06044,1.52323,5.14794,0.22752,0.78324,2.16332,0.000493132,0.000493132,0.000493132
115,1575.24,1.40657,5.31782,0.35444,1.09754,1.94688,0.9597,0.86957,0.935,0.55101,0.42816,0.37681,0.26907,0.05208,1.48024,5.23833,0.20607,0.72319,2.15319,0.000489901,0.000489901,0.000489901
116,1589.69,1.41535,5.03775,0.33059,1.11387,1.93283,0.91469,0.9324,0.94752,0.5352,0.46712,0.46377,0.31634,0.06045,1.44857,5.0749,0.19723,0.72905,2.16541,0.000486657,0.000486657,0.000486657
117,1602.5,1.30349,4.89542,0.33225,1.00876,1.82509,0.95546,0.93283,0.95124,0.53959,0.45709,0.42029,0.25473,0.04398,1.423,4.94308,0.21067,0.68185,2.1613,0.0004834,0.0004834,0.0004834
118,1615.67,1.32078,4.98788,0.34988,1.04795,1.87993,0.98436,0.91222,0.94008,0.58316,0.53025,0.47826,0.31903,0.07231,1.34817,4.86965,0.20745,0.64579,2.07318,0.00048013,0.00048013,0.00048013
119,1629.89,1.35463,5.15821,0.32625,1.0798,1.90948,0.98304,0.94203,0.96208,0.57881,0.48031,0.44928,0.29253,0.06523,1.37908,4.92659,0.1999,0.66651,2.07602,0.000476848,0.000476848,0.000476848
120,1642.99,1.37251,5.07915,0.33093,1.06787,1.89983,0.97038,0.92754,0.95514,0.5766,0.54077,0.52174,0.4347,0.08405,1.39189,4.89057,0.19101,0.67351,2.04911,0.000473554,0.000473554,0.000473554
121,1656.71,1.28012,5.01884,0.32754,1.01311,1.83733,0.95472,0.91681,0.96638,0.57998,0.60649,0.42446,0.42909,0.07087,1.37966,5.00169,0.21004,0.68469,2.05943,0.000470248,0.000470248,0.000470248
122,1669.66,1.31558,5.29834,0.34338,1.07305,1.87098,0.95377,0.897,0.96432,0.54809,0.58156,0.46377,0.42932,0.08915,1.4509,5.02662,0.25606,0.7465,2.18101,0.000466931,0.000466931,0.000466931
123,1683.52,1.31771,5.10877,0.34188,1.06482,1.86912,0.96511,0.89855,0.95652,0.53734,0.50696,0.4058,0.34872,0.09033,1.47939,5.11871,0.25547,0.84133,2.18955,0.000463603,0.000463603,0.000463603
124,1696.65,1.27208,5.07335,0.34058,0.96471,1.81476,0.99428,0.88406,0.95747,0.55077,0.44961,0.3913,0.26631,0.06934,1.47684,5.14099,0.23265,0.78147,2.1791,0.000460265,0.000460265,0.000460265
125,1710.21,1.37441,5.16116,0.34486,1.03063,1.92009,0.96509,0.91304,0.96278,0.55528,0.50113,0.43679,0.34736,0.07542,1.45146,5.16259,0.2084,0.77391,2.14058,0.000456916,0.000456916,0.000456916
126,1724.04,1.4057,5.07264,0.33225,1.05473,1.91396,0.95104,0.92754,0.9603,0.58308,0.52475,0.44928,0.39499,0.0779,1.44503,5.25947,0.19393,0.74392,2.09559,0.000453557,0.000453557,0.000453557
127,1736.99,1.38269,5.14635,0.33809,1.08602,1.93206,0.98453,0.92243,0.96135,0.56974,0.54151,0.46377,0.38835,0.07449,1.46199,5.23547,0.20944,0.72938,2.07838,0.000450189,0.000450189,0.000450189
128,1750.71,1.28405,5.11919,0.33304,0.99647,1.82903,0.95367,0.89494,0.95074,0.57827,0.55459,0.37681,0.34155,0.0773,1.39885,5.26099,0.22167,0.72518,2.02992,0.000446812,0.000446812,0.000446812
129,1764.38,1.36654,5.29201,0.35254,1.08012,1.91274,1,0.91112,0.95248,0.55773,0.56022,0.42029,0.37199,0.08216,1.42606,5.10688,0.20433,0.71299,2.10763,0.000443427,0.000443427,0.000443427
130,1778.15,1.30613,5.11461,0.33461,1.0398,1.86771,1,0.94144,0.95355,0.50783,0.56429,0.44928,0.31719,0.07694,1.5603,5.05808,0.20283,0.70743,2.26638,0.000440033,0.000440033,0.000440033
131,1791.95,1.30061,5.2353,0.35506,1.04815,1.87094,0.99418,0.94203,0.95533,0.52813,0.47019,0.44928,0.28055,0.07629,1.50924,5.0727,0.22067,0.69129,2.16374,0.000436631,0.000436631,0.000436631
132,1805.71,1.32813,5.01297,0.34711,1.03244,1.89255,0.99354,0.92754,0.96023,0.53636,0.46152,0.44928,0.26727,0.06681,1.54072,5.08266,0.23219,0.71423,2.1728,0.000433221,0.000433221,0.000433221
133,1819.7,1.38218,5.05766,0.33662,1.03666,1.9048,0.99542,0.94203,0.96368,0.51654,0.50398,0.47826,0.28718,0.06321,1.55481,5.11255,0.21455,0.71504,2.2067,0.000429804,0.000429804,0.000429804
134,1833.26,1.32751,4.91335,0.32607,0.99425,1.82803,0.98076,0.92754,0.94935,0.52816,0.53547,0.50725,0.33417,0.07461,1.52475,5.02651,0.19341,0.73791,2.20538,0.000426381,0.000426381,0.000426381
135,1846.59,1.33138,5.00696,0.33685,1.03342,1.88432,0.99701,0.94203,0.96201,0.49739,0.58231,0.55072,0.41038,0.08599,1.59558,4.99231,0.19104,0.79241,2.27984,0.000422951,0.000422951,0.000422951
136,1859.83,1.26405,5.07539,0.3321,0.97095,1.82274,0.99718,0.94203,0.9678,0.51805,0.62144,0.49968,0.43382,0.09055,1.56905,4.973,0.19318,0.75886,2.22933,0.000419514,0.000419514,0.000419514
137,1872.97,1.3141,4.78856,0.33732,0.97189,1.81707,0.99874,0.94203,0.97225,0.5599,0.54744,0.49275,0.37066,0.08783,1.47179,4.98969,0.20042,0.69227,2.1243,0.000416073,0.000416073,0.000416073
138,1887.14,1.28763,5.07203,0.32459,0.9147,1.82477,0.97008,0.93975,0.97605,0.57074,0.63886,0.55072,0.468,0.09492,1.4411,5.04587,0.22333,0.68051,2.11278,0.000412625,0.000412625,0.000412625
139,1900.17,1.34591,5.06085,0.33628,1.00725,1.89449,0.96842,0.94203,0.97196,0.51946,0.56731,0.50725,0.40668,0.087,1.5785,5.00156,0.256,0.701,2.27249,0.000409173,0.000409173,0.000409173
140,1914.28,1.32374,4.89364,0.33031,1.0267,1.83979,0.96523,0.91304,0.96318,0.52412,0.53455,0.49275,0.37721,0.08113,1.54635,4.9811,0.2053,0.72495,2.25011,0.000405717,0.000405717,0.000405717
141,1927.29,1.31724,5.0601,0.33134,1.041,1.83325,0.99087,0.92754,0.97201,0.56353,0.63952,0.57971,0.47137,0.09936,1.46222,4.80999,0.18505,0.7036,2.14158,0.000402256,0.000402256,0.000402256
142,1940.85,1.31552,4.87688,0.32451,1.008,1.85758,0.99781,0.92754,0.96294,0.53418,0.6847,0.56522,0.4894,0.11412,1.5367,4.81918,0.18872,0.73656,2.23062,0.000398791,0.000398791,0.000398791
143,1953.66,1.37651,5.06329,0.32331,1.0664,1.9066,0.96727,0.92754,0.96144,0.55165,0.73104,0.6087,0.53676,0.12101,1.4456,4.81831,0.18859,0.72491,2.10362,0.000395323,0.000395323,0.000395323
144,1967.2,1.34785,5.08787,0.34161,1.03952,1.87528,0.98479,0.93835,0.95999,0.57585,0.6377,0.56522,0.46178,0.09957,1.39033,4.9077,0.19474,0.71281,2.05758,0.000391852,0.000391852,0.000391852
145,1980.41,1.27254,5.1542,0.34107,0.99533,1.84454,0.99686,0.92754,0.97352,0.46624,0.62595,0.56522,0.46998,0.10156,1.70954,4.869,0.20478,0.74236,2.4182,0.000388378,0.000388378,0.000388378
146,1993.1,1.35302,5.03704,0.33955,1.10865,1.91024,0.98456,0.92446,0.96261,0.49311,0.62069,0.52174,0.45271,0.09831,1.64078,4.8573,0.23391,0.79155,2.348,0.000384902,0.000384902,0.000384902
147,2006.56,1.31141,4.86522,0.33397,1.0224,1.82492,0.89641,0.92754,0.93607,0.56945,0.6333,0.50065,0.44634,0.09933,1.3864,4.78869,0.2128,0.75907,2.11482,0.000381424,0.000381424,0.000381424
148,2020.69,1.27673,5.0164,0.34326,0.98606,1.85626,0.95027,0.89855,0.95436,0.55266,0.5331,0.50725,0.41686,0.09294,1.4445,4.82356,0.20172,0.73277,2.13478,0.000377944,0.000377944,0.000377944
149,2034.03,1.28778,4.98188,0.32627,0.94925,1.81957,0.9795,0.92754,0.96726,0.54522,0.55008,0.51392,0.4213,0.09711,1.54394,4.78723,0.19905,0.71519,2.22115,0.000374463,0.000374463,0.000374463
150,2046.75,1.27037,4.80794,0.32849,0.95912,1.80872,0.98188,0.92754,0.96696,0.54677,0.62568,0.58142,0.51049,0.10138,1.53156,4.81529,0.20426,0.67557,2.20794,0.000370982,0.000370982,0.000370982
151,2059.7,1.28342,5.14696,0.33139,0.94929,1.83145,0.95576,0.93928,0.97581,0.55818,0.63335,0.55072,0.47999,0.10197,1.48015,4.76332,0.2047,0.69252,2.15118,0.0003675,0.0003675,0.0003675
152,2072.78,1.24651,4.64292,0.31971,0.96808,1.80785,0.97011,0.94076,0.97319,0.55194,0.63667,0.57971,0.493,0.11006,1.48037,4.80004,0.20602,0.72816,2.18476,0.000364018,0.000364018,0.000364018
153,2086.04,1.26368,4.76219,0.32281,0.93105,1.81612,0.95492,0.94203,0.96519,0.55621,0.70081,0.55072,0.47565,0.10189,1.46887,4.86924,0.20402,0.75101,2.17239,0.000360537,0.000360537,0.000360537
154,2098.88,1.26654,4.88818,0.32687,0.95063,1.8258,0.96675,0.92754,0.95503,0.55361,0.63221,0.54812,0.42282,0.10546,1.49583,4.71214,0.20497,0.73793,2.20986,0.000357056,0.000357056,0.000357056
155,2111.92,1.22,4.84291,0.3446,0.91287,1.78677,0.97376,0.89855,0.95447,0.54153,0.63438,0.57838,0.4657,0.1066,1.54774,4.6562,0.22132,0.72828,2.23701,0.000353576,0.000353576,0.000353576
156,2125.57,1.31554,5.10154,0.32393,0.99512,1.81863,0.95509,0.92466,0.95212,0.55907,0.61147,0.53623,0.46316,0.10236,1.43635,4.68065,0.22349,0.69254,2.11746,0.000350098,0.000350098,0.000350098
157,2139.04,1.30431,4.94908,0.32517,0.99459,1.84124,0.96858,0.8937,0.95498,0.55062,0.60313,0.50725,0.41594,0.09312,1.47726,4.76656,0.22537,0.75239,2.15962,0.000346622,0.000346622,0.000346622
158,2152.82,1.26824,4.78371,0.3336,1.00043,1.76914,0.96857,0.89331,0.95855,0.53639,0.55511,0.44928,0.35978,0.08365,1.5077,4.88387,0.21082,0.77953,2.18235,0.000343148,0.000343148,0.000343148
159,2165.56,1.2535,4.78581,0.32585,0.95127,1.78242,0.93334,0.91304,0.96074,0.55602,0.56047,0.46204,0.36196,0.09215,1.42879,4.81362,0.19868,0.7125,2.09925,0.000339677,0.000339677,0.000339677
160,2178.78,1.22183,4.80264,0.34086,0.94646,1.78755,0.95624,0.91304,0.9754,0.5561,0.58583,0.50725,0.44154,0.10247,1.46798,4.77327,0.20036,0.69538,2.16729,0.000336209,0.000336209,0.000336209
161,2192.46,1.27927,5.00356,0.33745,0.96661,1.81902,0.95634,0.95241,0.9784,0.53087,0.55718,0.55072,0.40592,0.09403,1.50748,4.70346,0.19752,0.68563,2.22796,0.000332744,0.000332744,0.000332744
162,2205.85,1.24139,4.95575,0.34264,0.96386,1.77948,0.98344,0.94203,0.97844,0.53916,0.58046,0.55072,0.42554,0.09041,1.50279,4.67034,0.19573,0.67978,2.23486,0.000329283,0.000329283,0.000329283
163,2219.86,1.20634,4.67874,0.32314,0.94094,1.76852,0.99681,0.92754,0.97684,0.53251,0.59311,0.55072,0.41113,0.08826,1.57593,4.7115,0.19923,0.68725,2.34399,0.000325827,0.000325827,0.000325827
164,2232.94,1.25234,4.83238,0.33617,0.95938,1.7824,0.9676,0.94203,0.97146,0.50085,0.56923,0.50725,0.39236,0.08112,1.70245,4.7749,0.20787,0.72393,2.50648,0.000322375,0.000322375,0.000322375
165,2246.33,1.21532,4.56159,0.31522,0.90917,1.74353,0.98133,0.94203,0.97657,0.53015,0.62905,0.55072,0.45734,0.0906,1.5728,4.71709,0.19574,0.69964,2.35761,0.000318927,0.000318927,0.000318927
166,2259.88,1.25974,4.88009,0.34275,0.93746,1.82428,0.99953,0.92754,0.96764,0.53243,0.56117,0.52174,0.40548,0.09026,1.53525,4.69981,0.18107,0.67971,2.28446,0.000315486,0.000315486,0.000315486
167,2273.32,1.23388,4.8912,0.3239,0.94201,1.79027,1,0.94058,0.96785,0.52149,0.60801,0.56522,0.45142,0.10195,1.59949,4.73167,0.18257,0.68527,2.3349,0.000312049,0.000312049,0.000312049
168,2287.12,1.22658,4.75676,0.32883,0.94963,1.77474,0.99664,0.92754,0.96472,0.53277,0.56159,0.52174,0.38841,0.10095,1.63157,4.74908,0.19381,0.69401,2.34993,0.000308619,0.000308619,0.000308619
169,2300.76,1.23726,4.71298,0.31706,0.94496,1.81754,0.97005,0.93869,0.9776,0.53468,0.57621,0.52174,0.39869,0.1026,1.61745,4.76242,0.21495,0.69724,2.3138,0.000305196,0.000305196,0.000305196
170,2314.48,1.26921,4.86642,0.31419,0.91831,1.82517,0.97004,0.93862,0.97245,0.54208,0.61205,0.53623,0.41242,0.10108,1.57907,4.76203,0.20175,0.70818,2.2593,0.000301779,0.000301779,0.000301779
171,2328.24,1.27099,4.94886,0.32062,0.98624,1.82913,0.98303,0.92754,0.97321,0.57557,0.6253,0.55633,0.47535,0.11329,1.43598,4.73484,0.18264,0.67312,2.12505,0.000298369,0.000298369,0.000298369
172,2342.37,1.2829,4.66026,0.31582,0.95503,1.81852,0.99516,0.94203,0.97632,0.57528,0.61213,0.57971,0.46455,0.11058,1.4,4.79025,0.17797,0.63843,2.09962,0.000294967,0.000294967,0.000294967
173,2355.62,1.19852,4.46213,0.3079,0.85134,1.72634,0.99559,0.94203,0.98018,0.58881,0.5393,0.49275,0.39433,0.10299,1.40226,4.81739,0.18586,0.61461,2.1018,0.000291573,0.000291573,0.000291573
174,2369.08,1.2123,4.78847,0.31185,0.89566,1.72874,0.98126,0.94203,0.98234,0.57957,0.60215,0.54841,0.38196,0.08607,1.50489,4.7282,0.20304,0.63139,2.20166,0.000288188,0.000288188,0.000288188
175,2382.1,1.23402,4.67837,0.31164,0.9408,1.80284,0.98104,0.94203,0.98455,0.55939,0.55844,0.53623,0.35387,0.08607,1.55988,4.65258,0.20049,0.63661,2.24623,0.000284811,0.000284811,0.000284811
176,2395.27,1.26597,4.89525,0.32191,0.974,1.79982,0.98694,0.94203,0.98849,0.54261,0.54519,0.52174,0.35484,0.09082,1.60964,4.64163,0.18437,0.64679,2.304,0.000281443,0.000281443,0.000281443
177,2408.61,1.25413,4.79042,0.33404,0.94732,1.83857,0.99828,0.94203,0.98561,0.53192,0.59887,0.56522,0.395,0.09443,1.63366,4.61195,0.17663,0.64706,2.33801,0.000278084,0.000278084,0.000278084
178,2421.84,1.23371,4.79128,0.3198,0.93279,1.81103,0.99771,0.94203,0.9859,0.54578,0.58319,0.55072,0.41008,0.10325,1.55325,4.58783,0.17871,0.64364,2.25328,0.000274735,0.000274735,0.000274735
179,2435.27,1.16065,4.32407,0.31832,0.86016,1.68646,0.99732,0.94203,0.98384,0.55909,0.59814,0.56522,0.42703,0.11838,1.51022,4.56646,0.18366,0.64016,2.20649,0.000271397,0.000271397,0.000271397
180,2448.45,1.20117,4.45204,0.30153,0.87436,1.70699,1,0.94161,0.98048,0.55739,0.59877,0.56522,0.45861,0.12668,1.50151,4.54999,0.19103,0.63397,2.20883,0.000268069,0.000268069,0.000268069
181,2461.71,1.23335,4.86533,0.32055,0.91163,1.77041,0.99892,0.94203,0.97945,0.54216,0.59868,0.56522,0.45667,0.1223,1.53215,4.58014,0.19737,0.63999,2.26347,0.000264752,0.000264752,0.000264752
182,2475.27,1.2076,4.66843,0.31521,0.93027,1.77422,0.99862,0.94203,0.97514,0.51188,0.61434,0.57971,0.49531,0.1282,1.576,4.56441,0.19652,0.66349,2.3515,0.000261446,0.000261446,0.000261446
183,2488.47,1.2376,4.53349,0.302,0.91091,1.75511,0.99859,0.94203,0.9775,0.53129,0.62968,0.5942,0.49502,0.13448,1.52787,4.52397,0.18395,0.64437,2.29144,0.000258152,0.000258152,0.000258152
184,2501.44,1.20237,4.52148,0.31331,0.90605,1.75566,0.99866,0.94203,0.9797,0.55023,0.66045,0.62319,0.52558,0.13138,1.52402,4.48106,0.17402,0.62072,2.26516,0.00025487,0.00025487,0.00025487
185,2514.35,1.20515,4.46338,0.30952,0.89596,1.7653,0.9987,0.94203,0.98065,0.55134,0.67577,0.63768,0.54133,0.13473,1.54295,4.45841,0.17227,0.61974,2.26447,0.0002516,0.0002516,0.0002516
186,2528.27,1.20755,4.71694,0.30607,0.90281,1.76418,0.99875,0.94203,0.97465,0.56597,0.67559,0.63768,0.55724,0.15322,1.50798,4.44714,0.17906,0.60038,2.21175,0.000248343,0.000248343,0.000248343
187,2542,1.21132,4.4797,0.302,0.91354,1.77319,0.997,0.94203,0.97705,0.57188,0.64403,0.6087,0.52943,0.1449,1.49378,4.4737,0.19763,0.60552,2.18915,0.000245099,0.000245099,0.000245099
188,2555.84,1.16118,4.46372,0.30746,0.84488,1.71758,0.99755,0.94203,0.97163,0.58074,0.61957,0.57971,0.45863,0.13699,1.47897,4.48075,0.21352,0.60628,2.19003,0.000241868,0.000241868,0.000241868
189,2569.21,1.18667,4.67912,0.30835,0.852,1.72158,1,0.94046,0.96324,0.58335,0.62988,0.5942,0.45765,0.11898,1.48981,4.47265,0.22238,0.60783,2.20316,0.000238651,0.000238651,0.000238651
190,2582.25,1.19762,4.45299,0.30746,0.86825,1.78144,1,0.93923,0.96995,0.578,0.61528,0.57947,0.43194,0.1094,1.49132,4.56183,0.21758,0.61044,2.20099,0.000235448,0.000235448,0.000235448
191,2595.29,1.18444,4.52812,0.30691,0.87545,1.72535,1,0.94168,0.96667,0.57597,0.56637,0.53623,0.36324,0.10247,1.44946,4.5835,0.20332,0.59655,2.14647,0.00023226,0.00023226,0.00023226
192,2608.72,1.19257,4.53839,0.31021,0.88569,1.75181,0.9966,0.94203,0.97644,0.56887,0.59703,0.56522,0.42008,0.10769,1.42662,4.56579,0.19548,0.60402,2.12507,0.000229087,0.000229087,0.000229087
193,2621.95,1.20023,4.40086,0.3108,0.84264,1.73216,0.99749,0.94203,0.98041,0.5547,0.5826,0.55072,0.41513,0.11311,1.48237,4.51298,0.19539,0.62123,2.18325,0.000225928,0.000225928,0.000225928
194,2635.99,1.19314,4.57057,0.32979,0.85114,1.75443,0.99805,0.94203,0.98355,0.53249,0.58305,0.55072,0.42217,0.11651,1.52716,4.49241,0.19696,0.61902,2.23062,0.000222786,0.000222786,0.000222786
195,2649,1.17521,4.45865,0.30844,0.87661,1.72122,1,0.95428,0.98496,0.56139,0.62912,0.5942,0.45764,0.12485,1.45864,4.46671,0.18903,0.59511,2.1526,0.000219659,0.000219659,0.000219659
196,2661.7,1.20935,4.63343,0.3126,0.91555,1.7464,1,0.97993,0.98616,0.60655,0.65937,0.62319,0.51919,0.12991,1.29084,4.41048,0.17732,0.55544,1.98491,0.000216548,0.000216548,0.000216548
197,2674.82,1.19353,4.47864,0.3063,0.89515,1.7574,1,0.97422,0.98957,0.60019,0.62944,0.5942,0.46887,0.11912,1.34505,4.41206,0.17342,0.5624,2.04467,0.000213454,0.000213454,0.000213454
198,2689.1,1.18228,4.4144,0.30175,0.87481,1.72243,0.96929,0.97101,0.98504,0.5489,0.58425,0.55072,0.4182,0.10919,1.49003,4.43703,0.1781,0.58928,2.20486,0.000210377,0.000210377,0.000210377
199,2702.58,1.20885,4.45813,0.30874,0.91789,1.73043,0.99637,0.94203,0.98352,0.55424,0.62827,0.5942,0.43625,0.11638,1.47222,4.40286,0.1823,0.59116,2.17217,0.000207317,0.000207317,0.000207317
200,2716.53,1.15103,4.56244,0.31414,0.82754,1.72734,0.99662,0.94203,0.98279,0.58556,0.67442,0.63768,0.50754,0.13387,1.37124,4.34305,0.18304,0.57514,2.03348,0.000204275,0.000204275,0.000204275
201,2730.1,1.20041,4.47723,0.30205,0.86491,1.7175,0.9982,0.94203,0.98004,0.56926,0.67554,0.63768,0.51999,0.13663,1.40239,4.34849,0.1861,0.57902,2.07298,0.00020125,0.00020125,0.00020125
202,2743.13,1.15929,4.35723,0.30711,0.84215,1.69181,0.99792,0.94203,0.98244,0.56216,0.67542,0.63768,0.52078,0.13016,1.44011,4.39325,0.18519,0.58159,2.13475,0.000198244,0.000198244,0.000198244
203,2757.09,1.1658,4.41253,0.3114,0.85883,1.70725,0.99877,0.94203,0.98473,0.57745,0.70622,0.66667,0.5898,0.14014,1.3873,4.41054,0.18089,0.57872,2.06888,0.000195256,0.000195256,0.000195256
204,2772.23,1.16153,4.37358,0.316,0.85766,1.70137,0.99913,0.94203,0.98917,0.5975,0.69092,0.65217,0.55461,0.13366,1.33265,4.38532,0.17213,0.57355,2.01523,0.000192287,0.000192287,0.000192287
205,2785.43,1.16092,4.42284,0.3032,0.85929,1.72828,1,0.95332,0.98925,0.58129,0.6908,0.65217,0.54716,0.12902,1.3739,4.3594,0.1705,0.58511,2.06802,0.000189338,0.000189338,0.000189338
206,2799.39,1.12148,4.4429,0.3101,0.82533,1.68645,1,0.95364,0.98797,0.55981,0.64356,0.6087,0.49929,0.13021,1.4617,4.35961,0.17033,0.60379,2.17206,0.000186408,0.000186408,0.000186408
207,2813.04,1.18723,4.46318,0.29102,0.88637,1.70346,1,0.95332,0.98586,0.56127,0.65161,0.6087,0.49642,0.1321,1.4874,4.36574,0.17306,0.59831,2.21139,0.000183497,0.000183497,0.000183497
208,2827.18,1.18266,4.41772,0.30219,0.88298,1.73488,0.99694,0.97101,0.98721,0.5746,0.64593,0.6087,0.5041,0.13819,1.45983,4.3593,0.18315,0.58895,2.16747,0.000180607,0.000180607,0.000180607
209,2840.62,1.14446,4.36952,0.31479,0.83971,1.67753,0.99365,0.97101,0.98696,0.60207,0.65202,0.6087,0.50674,0.14053,1.41274,4.37332,0.19063,0.58309,2.10809,0.000177738,0.000177738,0.000177738
210,2854.15,1.20238,4.61266,0.32544,0.89664,1.76305,0.98149,0.97101,0.98538,0.59663,0.65377,0.6087,0.49016,0.13362,1.38559,4.40212,0.18836,0.56016,2.07551,0.000174889,0.000174889,0.000174889
211,2867.28,1.19999,4.31991,0.30488,0.86758,1.73779,0.98523,0.9666,0.98486,0.5896,0.62276,0.57971,0.45565,0.11948,1.38688,4.404,0.18204,0.56458,2.08935,0.000172061,0.000172061,0.000172061
212,2880.61,1.20029,4.48863,0.31313,0.88754,1.78709,0.97096,0.96902,0.98156,0.57687,0.57562,0.53623,0.40412,0.11773,1.4623,4.46587,0.17606,0.58606,2.18547,0.000169255,0.000169255,0.000169255
213,2893.69,1.14193,4.14265,0.28817,0.83112,1.68377,0.97094,0.96841,0.98159,0.57024,0.6224,0.57971,0.45198,0.11924,1.45014,4.46336,0.17656,0.60796,2.17037,0.000166471,0.000166471,0.000166471
214,2907.25,1.16417,4.49671,0.30148,0.83852,1.71688,0.99871,0.94203,0.98087,0.58225,0.62262,0.57971,0.48585,0.12365,1.36526,4.37955,0.18671,0.58527,2.07286,0.000163708,0.000163708,0.000163708
215,2920.74,1.18185,4.25095,0.30487,0.8548,1.71925,0.9969,0.94203,0.98091,0.59442,0.68743,0.63749,0.57871,0.14195,1.32184,4.32802,0.19214,0.58091,2.02938,0.000160968,0.000160968,0.000160968
216,2934.05,1.13711,4.13947,0.29325,0.82476,1.68275,0.99808,0.94203,0.98025,0.58279,0.67528,0.63768,0.57087,0.14314,1.3597,4.31354,0.19078,0.57871,2.0751,0.000158251,0.000158251,0.000158251
217,2947.35,1.15371,4.40449,0.30326,0.8511,1.7407,0.99814,0.94203,0.97958,0.5777,0.67535,0.63768,0.57106,0.13976,1.38124,4.29637,0.18913,0.5679,2.10131,0.000155557,0.000155557,0.000155557
218,2960.79,1.16459,4.30487,0.30018,0.82545,1.72436,0.99793,0.94203,0.97957,0.57971,0.64415,0.6087,0.53154,0.13878,1.38612,4.31781,0.18678,0.57393,2.10319,0.000152885,0.000152885,0.000152885
219,2974.78,1.139,4.30169,0.28814,0.81755,1.68837,0.99874,0.94203,0.97882,0.57596,0.6287,0.5942,0.48922,0.1348,1.40486,4.31487,0.1821,0.58059,2.10984,0.000150238,0.000150238,0.000150238
220,2988.13,1.14197,4.45832,0.30029,0.83728,1.71139,1,0.93932,0.96971,0.5646,0.66051,0.62319,0.51782,0.1343,1.42982,4.30318,0.17922,0.59155,2.11364,0.000147614,0.000147614,0.000147614
221,3002,1.14393,4.365,0.30311,0.8321,1.69607,0.98297,0.94203,0.96782,0.57876,0.61952,0.5942,0.47214,0.12638,1.38113,4.33861,0.17962,0.58163,2.06139,0.000145014,0.000145014,0.000145014
222,3015.08,1.11176,4.17751,0.31092,0.83528,1.67244,0.9883,0.92754,0.98036,0.58656,0.60855,0.56522,0.44121,0.12679,1.36659,4.33625,0.18348,0.57027,2.05459,0.000142439,0.000142439,0.000142439
223,3028.79,1.14338,4.33393,0.2982,0.79738,1.68626,0.99305,0.92754,0.98002,0.57338,0.63156,0.57971,0.49323,0.12604,1.3612,4.30684,0.18745,0.57114,2.05512,0.000139888,0.000139888,0.000139888
224,3041.68,1.14806,4.25797,0.28903,0.82342,1.70755,0.96711,0.95652,0.98199,0.58462,0.67912,0.6087,0.55021,0.14038,1.33955,4.27325,0.18805,0.56044,2.03819,0.000137362,0.000137362,0.000137362
225,3054.61,1.13267,4.34767,0.29614,0.86698,1.69535,0.96872,0.95652,0.98103,0.58667,0.65073,0.62319,0.54593,0.14406,1.33352,4.29118,0.186,0.55745,2.0423,0.000134862,0.000134862,0.000134862
226,3068.44,1.12717,4.3312,0.30411,0.8227,1.67399,0.97093,0.96799,0.98114,0.59731,0.64724,0.62319,0.52536,0.14613,1.32916,4.31661,0.18313,0.56612,2.05109,0.000132387,0.000132387,0.000132387
227,3081.61,1.09649,4.3605,0.30559,0.79483,1.64515,0.97092,0.96788,0.98157,0.59188,0.64038,0.59357,0.51395,0.14034,1.33416,4.3525,0.18445,0.56403,2.05321,0.000129938,0.000129938,0.000129938
228,3095.24,1.15336,4.42508,0.31431,0.83985,1.67631,0.97051,0.95389,0.98223,0.62408,0.65309,0.6087,0.52043,0.13129,1.28143,4.38178,0.18495,0.55524,1.9868,0.000127515,0.000127515,0.000127515
229,3108.6,1.16002,4.33653,0.28316,0.83822,1.70371,1,0.93965,0.98333,0.62246,0.62023,0.57971,0.45631,0.132,1.24917,4.37174,0.18307,0.55045,1.94766,0.000125118,0.000125118,0.000125118
230,3122.24,1.1409,4.37615,0.30336,0.82652,1.67785,0.99398,0.94203,0.98516,0.60782,0.67156,0.62232,0.53652,0.14883,1.31057,4.30236,0.177,0.55075,2.01051,0.000122748,0.000122748,0.000122748
231,3136.11,1.12567,4.2859,0.30503,0.81941,1.68662,0.99478,0.94203,0.98322,0.58522,0.64264,0.6087,0.51809,0.14403,1.40383,4.30827,0.17783,0.57586,2.1137,0.000120404,0.000120404,0.000120404
232,3149.09,1.12669,4.01887,0.28011,0.80046,1.67436,0.97089,0.96694,0.98373,0.57744,0.65171,0.63768,0.55635,0.15296,1.46185,4.31522,0.18014,0.59716,2.18019,0.000118088,0.000118088,0.000118088
233,3162.26,1.16491,4.23729,0.30501,0.84593,1.70505,0.97092,0.96788,0.98384,0.58336,0.65573,0.63768,0.54289,0.14879,1.43979,4.30542,0.17887,0.58129,2.14443,0.000115799,0.000115799,0.000115799
234,3175.29,1.10802,4.1405,0.29443,0.79318,1.6702,0.99203,0.94203,0.98239,0.60159,0.65383,0.63768,0.54103,0.15256,1.374,4.29727,0.17757,0.56335,2.05287,0.000113538,0.000113538,0.000113538
235,3188.5,1.08787,4.55251,0.32227,0.80827,1.6593,0.99602,0.94203,0.98196,0.59412,0.62402,0.6087,0.47605,0.1412,1.36699,4.2956,0.17915,0.55935,2.03773,0.000111304,0.000111304,0.000111304
236,3201.65,1.1446,4.30254,0.30438,0.82185,1.69155,0.99463,0.94203,0.98187,0.59301,0.65344,0.63768,0.50879,0.16104,1.35229,4.26313,0.18253,0.54783,2.02483,0.000109099,0.000109099,0.000109099
237,3214.67,1.0865,4.25845,0.29868,0.7789,1.64647,0.9907,0.94203,0.98209,0.59895,0.66929,0.63768,0.52734,0.16038,1.33169,4.27485,0.18612,0.53452,2.01141,0.000106922,0.000106922,0.000106922
238,3228.22,1.13752,4.1637,0.29258,0.8342,1.69184,0.98294,0.94203,0.98057,0.60213,0.66293,0.63768,0.52933,0.15713,1.32501,4.30122,0.19244,0.53769,2.00437,0.000104773,0.000104773,0.000104773
239,3242.46,1.0879,4.02937,0.27066,0.75996,1.62918,0.99062,0.94203,0.97184,0.59787,0.63798,0.6087,0.49543,0.15654,1.36314,4.29671,0.19247,0.54795,2.04144,0.000102654,0.000102654,0.000102654
240,3255.63,1.08935,4.11057,0.30078,0.7872,1.65488,0.99543,0.94203,0.97058,0.59609,0.65824,0.62319,0.53389,0.15681,1.39849,4.27175,0.18773,0.56599,2.08696,0.000100563,0.000100563,0.000100563
241,3268.86,1.12116,4.24196,0.29681,0.81836,1.66854,0.99471,0.94203,0.97921,0.58942,0.67327,0.63768,0.54763,0.15013,1.40715,4.24979,0.18506,0.57635,2.10336,9.85018e-05,9.85018e-05,9.85018e-05
242,3282.05,1.14254,4.1655,0.30243,0.83085,1.70356,0.99514,0.94203,0.97976,0.58463,0.6888,0.65217,0.55743,0.1573,1.39436,4.23363,0.17879,0.57329,2.09971,9.647e-05,9.647e-05,9.647e-05
243,3295.71,1.07617,3.92227,0.28715,0.7646,1.63973,0.99472,0.94203,0.97942,0.58595,0.70369,0.66667,0.56474,0.15514,1.37173,4.22675,0.17818,0.56384,2.08475,9.44679e-05,9.44679e-05,9.44679e-05
244,3308.75,1.09365,4.3432,0.28622,0.79499,1.636,0.99571,0.94203,0.9794,0.59159,0.70368,0.66667,0.55253,0.15611,1.35325,4.21738,0.18078,0.5492,2.06613,9.24957e-05,9.24957e-05,9.24957e-05
245,3321.82,1.08788,4.20906,0.28844,0.78435,1.66964,0.98525,0.96786,0.98214,0.59673,0.70405,0.66667,0.55667,0.15679,1.3413,4.1941,0.18116,0.55063,2.05272,9.05537e-05,9.05537e-05,9.05537e-05
246,3334.89,1.11529,4.36598,0.29465,0.7966,1.67291,0.98337,0.97101,0.98223,0.60083,0.67353,0.63768,0.51165,0.14886,1.35267,4.19803,0.18442,0.55469,2.06572,8.8642e-05,8.8642e-05,8.8642e-05
247,3348.39,1.12267,4.29238,0.30208,0.78815,1.68991,0.98317,0.97101,0.98197,0.60217,0.68834,0.65217,0.5477,0.15196,1.36259,4.21059,0.18839,0.56165,2.07407,8.6761e-05,8.6761e-05,8.6761e-05
248,3361.83,1.11034,4.19065,0.29654,0.81432,1.68632,0.98489,0.97101,0.98196,0.60253,0.68845,0.65217,0.55325,0.15072,1.40841,4.20537,0.18741,0.57978,2.12751,8.49107e-05,8.49107e-05,8.49107e-05
249,3375.38,1.1125,4.17927,0.2979,0.80711,1.67376,1,0.95378,0.98164,0.59195,0.68597,0.65217,0.55734,0.15594,1.43416,4.18016,0.18402,0.58353,2.16046,8.30914e-05,8.30914e-05,8.30914e-05
250,3389.11,1.07387,3.98793,0.29075,0.79412,1.65696,0.9771,0.95652,0.98196,0.60357,0.68736,0.65217,0.55348,0.16124,1.40594,4.16985,0.1817,0.57026,2.12247,8.13033e-05,8.13033e-05,8.13033e-05
251,3402.71,1.09364,4.32433,0.3018,0.82595,1.66249,0.98951,0.92754,0.97969,0.6036,0.64668,0.6087,0.51752,0.15998,1.34802,4.16488,0.18046,0.54566,2.0585,7.95466e-05,7.95466e-05,7.95466e-05
252,3415.94,1.1267,4.04254,0.28382,0.84625,1.66539,0.98691,0.92754,0.98009,0.62331,0.65093,0.62319,0.50038,0.14882,1.32332,4.18308,0.1822,0.54013,2.03107,7.78214e-05,7.78214e-05,7.78214e-05
253,3429.49,1.0765,4.00168,0.28838,0.75924,1.63952,1,0.94004,0.98004,0.61834,0.65132,0.62319,0.49581,0.14517,1.34385,4.20171,0.1836,0.54996,2.05187,7.6128e-05,7.6128e-05,7.6128e-05
254,3442.51,1.1112,4.13848,0.28663,0.76161,1.67108,0.99546,0.94203,0.98007,0.58533,0.64001,0.6087,0.46409,0.14672,1.42043,4.19518,0.18314,0.56953,2.14141,7.44666e-05,7.44666e-05,7.44666e-05
255,3457.33,1.13895,4.06767,0.27879,0.78194,1.65983,0.98124,0.97101,0.98264,0.58302,0.65617,0.62319,0.50187,0.15476,1.43979,4.17153,0.18238,0.57374,2.16117,7.28373e-05,7.28373e-05,7.28373e-05
256,3474.57,1.11767,4.27495,0.3013,0.80751,1.66771,0.98278,0.97101,0.98331,0.60451,0.65226,0.63768,0.51569,0.15975,1.36311,4.15625,0.1825,0.55358,2.07298,7.12403e-05,7.12403e-05,7.12403e-05
257,3488.42,1.09719,4.08136,0.28288,0.76377,1.64299,0.98307,0.97101,0.98367,0.6222,0.63729,0.62319,0.48284,0.15314,1.29543,4.15,0.18239,0.53539,1.99648,6.96758e-05,6.96758e-05,6.96758e-05
258,3503.05,1.11889,4.3254,0.30073,0.79797,1.67456,0.98437,0.97101,0.98416,0.62847,0.66724,0.65217,0.54057,0.15687,1.28573,4.1345,0.18226,0.53089,1.98849,6.8144e-05,6.8144e-05,6.8144e-05
259,3516.04,1.11548,4.20838,0.27808,0.83565,1.67504,0.98527,0.96932,0.98426,0.62211,0.69611,0.664,0.56433,0.16403,1.31628,4.12666,0.18348,0.53873,2.02723,6.6645e-05,6.6645e-05,6.6645e-05
260,3530.21,1.11401,4.05221,0.28545,0.83896,1.66422,0.98525,0.96781,0.98385,0.60008,0.69687,0.68116,0.57127,0.16264,1.37946,4.12154,0.18259,0.55454,2.1033,6.5179e-05,6.5179e-05,6.5179e-05
261,3543.12,1.05602,3.84091,0.28081,0.7391,1.60737,0.98528,0.97002,0.98379,0.59823,0.72535,0.71014,0.62808,0.17039,1.3882,4.12949,0.17997,0.55965,2.11333,6.37461e-05,6.37461e-05,6.37461e-05
262,3556.72,1.10422,4.04172,0.28698,0.81511,1.6714,0.98327,0.97101,0.98394,0.61208,0.72442,0.71014,0.6162,0.16402,1.34195,4.1328,0.17599,0.54092,2.05907,6.23466e-05,6.23466e-05,6.23466e-05
263,3570.08,1.06962,4.02617,0.28024,0.73852,1.61956,0.98283,0.97101,0.98383,0.62251,0.73519,0.72464,0.65527,0.16218,1.3067,4.15689,0.174,0.53214,2.01431,6.09805e-05,6.09805e-05,6.09805e-05
264,3583.07,1.08874,4.0788,0.28108,0.76558,1.67002,0.98282,0.97101,0.98378,0.61791,0.73493,0.72464,0.64924,0.16677,1.29882,4.17462,0.17428,0.52542,2.00493,5.9648e-05,5.9648e-05,5.9648e-05
265,3596.29,1.09027,3.93277,0.28448,0.80189,1.66531,0.98279,0.97101,0.98443,0.61446,0.72028,0.71014,0.61675,0.1669,1.32512,4.18667,0.17588,0.5322,2.03481,5.83493e-05,5.83493e-05,5.83493e-05
266,3609.68,1.07959,4.00442,0.29482,0.78616,1.65624,0.983,0.97101,0.98412,0.60538,0.69458,0.68116,0.59519,0.16222,1.36244,4.21198,0.17646,0.55064,2.08695,5.70845e-05,5.70845e-05,5.70845e-05
267,3622.46,1.08619,3.86064,0.27168,0.76303,1.62834,0.98321,0.97101,0.98429,0.59812,0.69546,0.68116,0.59396,0.16321,1.37425,4.19832,0.17628,0.55845,2.10755,5.58537e-05,5.58537e-05,5.58537e-05
268,3635.96,1.08452,4.09675,0.29035,0.77965,1.66405,0.98369,0.97101,0.98442,0.60608,0.62208,0.6087,0.49262,0.15399,1.35922,4.18229,0.17426,0.55323,2.09073,5.46571e-05,5.46571e-05,5.46571e-05
269,3649.08,1.08962,4.25082,0.2868,0.7481,1.63024,0.98352,0.97101,0.98473,0.61173,0.65169,0.63768,0.53498,0.16476,1.33185,4.16401,0.17259,0.54214,2.05325,5.34949e-05,5.34949e-05,5.34949e-05
270,3662.45,1.07046,3.92455,0.2813,0.76364,1.64054,0.98327,0.97101,0.98488,0.61876,0.66523,0.65217,0.57009,0.15975,1.29493,4.14305,0.17208,0.52716,2.00532,5.2367e-05,5.2367e-05,5.2367e-05
271,3676.12,1.12605,4.26976,0.30966,0.84631,1.69175,1,0.95443,0.98255,0.62059,0.71452,0.69565,0.63625,0.16913,1.30227,4.12622,0.17192,0.52711,2.01079,5.12737e-05,5.12737e-05,5.12737e-05
272,3689.4,1.05789,4.32458,0.28714,0.77891,1.65956,0.99753,0.97101,0.98572,0.61032,0.69959,0.68116,0.62084,0.17497,1.34631,4.11616,0.17196,0.53613,2.05588,5.02151e-05,5.02151e-05,5.02151e-05
273,3702.45,1.10304,3.8406,0.28032,0.80119,1.63897,0.99705,0.97101,0.98541,0.59853,0.69908,0.68116,0.63075,0.17333,1.3778,4.10255,0.17157,0.54107,2.09562,4.91913e-05,4.91913e-05,4.91913e-05
274,3716.38,1.08248,4.21651,0.29946,0.79181,1.64951,0.99628,0.97101,0.98523,0.59994,0.71341,0.69565,0.65161,0.18518,1.37975,4.08646,0.17263,0.53926,2.10373,4.82023e-05,4.82023e-05,4.82023e-05
275,3730.05,1.10049,4.16119,0.30204,0.79758,1.65223,0.9955,0.97101,0.98527,0.59626,0.72782,0.71014,0.67456,0.18388,1.36924,4.08021,0.1721,0.53854,2.092,4.72484e-05,4.72484e-05,4.72484e-05
276,3743.22,1.0548,3.98705,0.27992,0.72851,1.60544,1,0.95202,0.97949,0.60988,0.74365,0.72464,0.68658,0.18579,1.33865,4.08942,0.17294,0.53306,2.05547,4.63297e-05,4.63297e-05,4.63297e-05
277,3757.48,1.10985,4.07233,0.29181,0.81597,1.66339,0.98218,0.95652,0.97932,0.60833,0.77242,0.73787,0.70038,0.18728,1.32678,4.09696,0.17525,0.52768,2.03934,4.54461e-05,4.54461e-05,4.54461e-05
278,3770.67,1.07083,4.11319,0.30397,0.8105,1.63984,0.99742,0.97101,0.98452,0.61424,0.77246,0.73802,0.6993,0.17788,1.30672,4.10502,0.17715,0.52582,2.02443,4.45979e-05,4.45979e-05,4.45979e-05
279,3784.26,1.05636,3.97081,0.28049,0.78412,1.63201,0.99737,0.97101,0.98413,0.61249,0.77254,0.73835,0.69933,0.18158,1.30926,4.12707,0.17855,0.52828,2.02926,4.3785e-05,4.3785e-05,4.3785e-05
280,3797.65,1.10569,4.21012,0.29706,0.80188,1.65956,0.99694,0.97101,0.98383,0.61221,0.7575,0.72436,0.68224,0.17285,1.31521,4.13092,0.17681,0.53335,2.0392,4.30077e-05,4.30077e-05,4.30077e-05
281,3811.2,1.06429,3.85339,0.28971,0.76746,1.63594,0.99676,0.97101,0.98364,0.61036,0.75286,0.72464,0.68574,0.18028,1.322,4.1233,0.17632,0.53175,2.05044,4.22659e-05,4.22659e-05,4.22659e-05
282,3825.44,1.11169,4.07984,0.28695,0.77612,1.65753,0.98151,0.95652,0.98048,0.60641,0.71609,0.69565,0.62413,0.17274,1.32775,4.10437,0.1746,0.53302,2.05268,4.15598e-05,4.15598e-05,4.15598e-05
283,3838.83,1.08083,4.06984,0.29083,0.78436,1.64051,0.98209,0.95652,0.98125,0.60422,0.68615,0.66667,0.57139,0.17069,1.32541,4.11296,0.17359,0.53707,2.04714,4.08895e-05,4.08895e-05,4.08895e-05
284,3852.51,1.0317,4.14162,0.29218,0.75079,1.63262,0.98236,0.97101,0.98234,0.6052,0.68803,0.66667,0.56798,0.16746,1.32564,4.0942,0.17239,0.53687,2.04676,4.0255e-05,4.0255e-05,4.0255e-05
285,3866.89,1.09678,4.17438,0.28895,0.80527,1.66422,0.98289,0.97101,0.98256,0.60671,0.70158,0.68116,0.59696,0.1672,1.31576,4.08695,0.17244,0.5384,2.03263,3.96563e-05,3.96563e-05,3.96563e-05
286,3880.64,1.08057,4.01995,0.28823,0.78158,1.62818,0.98318,0.97101,0.9824,0.61197,0.74679,0.72464,0.6615,0.17619,1.30098,4.08047,0.17131,0.52958,2.01983,3.90936e-05,3.90936e-05,3.90936e-05
287,3894.45,1.05727,3.98554,0.2917,0.76157,1.60908,0.98347,0.97101,0.9896,0.62011,0.74669,0.72464,0.65745,0.17444,1.29993,4.08286,0.17315,0.52723,2.01266,3.85669e-05,3.85669e-05,3.85669e-05
288,3908.16,1.04814,3.86325,0.29805,0.78195,1.62604,0.98359,0.97101,0.98982,0.61934,0.72244,0.69565,0.63351,0.17079,1.29876,4.07549,0.17422,0.5242,2.0094,3.80763e-05,3.80763e-05,3.80763e-05
289,3921.46,1.01018,3.94429,0.27503,0.73024,1.58223,0.9835,0.97101,0.9846,0.60631,0.71173,0.68116,0.61739,0.16524,1.31367,4.07765,0.17528,0.52869,2.02361,3.76219e-05,3.76219e-05,3.76219e-05
290,3934.53,1.1113,4.02269,0.28799,0.79539,1.67041,0.98347,0.97101,0.98511,0.60598,0.71193,0.68052,0.62177,0.16678,1.34634,4.08211,0.17722,0.53139,2.05763,3.72036e-05,3.72036e-05,3.72036e-05
291,3951.93,0.87496,2.82252,0.15235,0.73391,1.58736,0.98511,0.95913,0.98939,0.59636,0.69501,0.68116,0.57445,0.15861,1.35053,4.10567,0.17751,0.54583,2.07106,3.68215e-05,3.68215e-05,3.68215e-05
292,3964.46,0.87246,2.82023,0.15522,0.65402,1.6001,0.95763,0.98271,0.98938,0.58387,0.70427,0.66667,0.54832,0.14952,1.39893,4.1373,0.1803,0.57788,2.14493,3.64756e-05,3.64756e-05,3.64756e-05
293,3976.38,0.86812,2.79354,0.14614,0.58456,1.56327,0.95768,0.98382,0.98971,0.57957,0.6878,0.65217,0.52982,0.14745,1.40973,4.15198,0.18119,0.59061,2.16548,3.61661e-05,3.61661e-05,3.61661e-05
294,3988.3,0.82504,2.76958,0.14491,0.53893,1.52071,0.9392,0.97101,0.98316,0.59246,0.65263,0.62629,0.474,0.13178,1.36387,4.15834,0.18123,0.57563,2.10862,3.58929e-05,3.58929e-05,3.58929e-05
295,3999.67,0.80598,2.83083,0.13793,0.51493,1.48015,0.94142,0.97101,0.98362,0.60188,0.66694,0.63849,0.49285,0.13301,1.32139,4.15568,0.18122,0.55716,2.053,3.56561e-05,3.56561e-05,3.56561e-05
296,4011.31,0.81718,2.69954,0.15066,0.47454,1.52328,0.95089,0.97101,0.98432,0.6068,0.69558,0.66234,0.51469,0.1341,1.28186,4.14612,0.18079,0.53872,2.01011,3.54557e-05,3.54557e-05,3.54557e-05
297,4023.1,0.82152,2.64647,0.14579,0.46379,1.4571,0.95359,0.97101,0.98476,0.61579,0.71079,0.67679,0.53247,0.14251,1.27085,4.1241,0.17744,0.53069,2.00259,3.52917e-05,3.52917e-05,3.52917e-05
298,4034.96,0.83781,2.69585,0.14309,0.45867,1.57647,0.96865,0.98551,0.98707,0.61488,0.69623,0.66437,0.56016,0.15717,1.25968,4.0998,0.17507,0.52291,1.99413,3.51641e-05,3.51641e-05,3.51641e-05
299,4046.72,0.82254,2.693,0.14505,0.43568,1.48687,0.96875,0.98551,0.98774,0.61105,0.66715,0.65217,0.55162,0.16074,1.27151,4.09534,0.17431,0.52133,2.01389,3.50729e-05,3.50729e-05,3.50729e-05
300,4058.63,0.80635,2.75647,0.14234,0.4266,1.49548,0.9688,0.98551,0.98785,0.61406,0.65133,0.63768,0.54457,0.1537,1.31628,4.08468,0.17143,0.52972,2.07235,3.50182e-05,3.50182e-05,3.50182e-05
